District,Year,Urban_Households,Rural_Households
National,2030,3773246.389990233,1992086.6034109923
National,2040,5250080.853555648,2250034.6515238485
National,2050,7258191.144931225,2496203.303812325
